Name,ID,Billing account,Billing account ID,
My Project 65440,maximal-relic-394514,Billing is disabled,—,
My Project 68985,civic-glow-394513,Billing is disabled,—,
Coffee Spark Sample App,coffee-spark-sample-app-2ae65,Billing is disabled,—,
seo panel,seo-panel-394514,Billing is disabled,—,
My First Project,cool-coral-468215-q1,Billing is disabled,—,
My First Project,regal-cider-467519-s2,Billing is disabled,—,
My First Project,nodal-wall-467822-r4,Billing is disabled,—,
Gemini API,gen-lang-client-0276185398,Billing is disabled,—,
My First Project,global-rookery-468222-k8,Billing is disabled,—,
My First Project,ivory-period-394504,Billing is disabled,—,
